id,category_1
10636,Home and Furniture
5608,Women's wear
5573,Women's wear
8280,Bady and Kids
9590,Bady and Kids
8375,Bady and Kids
6895,Women's wear
7962,Bady and Kids
2753,Electronics
7841,Bady and Kids
514,"Sports, Books and More"
9672,Bady and Kids
8076,Bady and Kids
9539,Bady and Kids
6128,Women's wear
5873,Women's wear
5119,Men's wear
4321,Men's wear
3212,Men's wear
6148,Women's wear
292,"Sports, Books and More"
11046,Home and Furniture
11646,Home and Furniture
6550,Women's wear
1729,"Sports, Books and More"
5442,Women's wear
5221,Women's wear
5255,Women's wear
10047,Home and Furniture
2212,"Sports, Books and More"
1562,"Sports, Books and More"
682,Women's wear
4604,Men's wear
7104,Women's wear
11248,Home and Furniture
3894,Men's wear
7150,Women's wear
7569,Women's wear
4837,Men's wear
2317,Electronics
9383,Bady and Kids
4662,Men's wear
10570,Home and Furniture
4142,Men's wear
10479,Home and Furniture
2201,"Sports, Books and More"
2483,Electronics
10461,"Sports, Books and More"
8247,Bady and Kids
4591,Men's wear
9289,Bady and Kids
4562,Men's wear
11904,"Sports, Books and More"
8660,Bady and Kids
554,"Sports, Books and More"
6616,Women's wear
2818,Men's wear
8811,Bady and Kids
1633,Men's wear
11532,Home and Furniture
4703,Men's wear
2579,Electronics
9766,Bady and Kids
2720,Electronics
7366,Women's wear
3323,"Sports, Books and More"
8368,Bady and Kids
4693,Men's wear
474,"Sports, Books and More"
7809,Bady and Kids
1123,"Sports, Books and More"
181,"Sports, Books and More"
10181,Home and Furniture
8283,Bady and Kids
7785,Bady and Kids
9447,Women's wear
3321,Men's wear
10662,Home and Furniture
9208,Bady and Kids
157,"Sports, Books and More"
7469,Men's wear
11364,Home and Furniture
7603,Bady and Kids
5460,Women's wear
8454,Bady and Kids
6553,Women's wear
315,"Sports, Books and More"
4348,Men's wear
5364,Women's wear
6571,Women's wear
8643,Bady and Kids
4366,Men's wear
5233,Women's wear
5629,Women's wear
5955,Women's wear
9282,Bady and Kids
3182,Men's wear
11679,Home and Furniture
2484,Electronics
8541,Bady and Kids
10262,Home and Furniture
4764,Men's wear
5432,Women's wear
1797,Electronics
10757,Home and Furniture
10109,Home and Furniture
5328,Women's wear
2217,"Sports, Books and More"
8822,Bady and Kids
10975,Home and Furniture
5303,Women's wear
809,"Sports, Books and More"
4344,Men's wear
1014,"Sports, Books and More"
10862,Home and Furniture
9042,Bady and Kids
10371,Home and Furniture
6208,Women's wear
813,"Sports, Books and More"
4680,Men's wear
5302,Women's wear
9978,Home and Furniture
12038,Home and Furniture
2768,Electronics
8775,Bady and Kids
3131,Men's wear
2800,Electronics
9022,Bady and Kids
10625,Home and Furniture
9805,Bady and Kids
6514,Women's wear
5622,Women's wear
10850,Home and Furniture
886,"Sports, Books and More"
6667,Women's wear
9154,Bady and Kids
2942,Men's wear
2392,Electronics
4218,Men's wear
11780,Home and Furniture
335,"Sports, Books and More"
449,"Sports, Books and More"
3708,Men's wear
5722,Women's wear
3896,Men's wear
8190,Bady and Kids
4100,Men's wear
6259,Women's wear
6765,Women's wear
4292,Men's wear
8243,Bady and Kids
5110,Men's wear
6524,Women's wear
264,"Sports, Books and More"
9024,Bady and Kids
8938,Bady and Kids
2685,Electronics
4909,Women's wear
11321,Home and Furniture
9173,Bady and Kids
3272,Men's wear
1549,"Sports, Books and More"
10329,Home and Furniture
537,"Sports, Books and More"
5842,Women's wear
6723,Women's wear
8287,Bady and Kids
9343,Bady and Kids
11604,Home and Furniture
1127,"Sports, Books and More"
31,"Sports, Books and More"
1538,"Sports, Books and More"
705,"Sports, Books and More"
4762,Men's wear
2107,Electronics
5456,Women's wear
5353,Women's wear
6068,Women's wear
5785,Women's wear
1615,"Sports, Books and More"
8461,Women's wear
6216,Women's wear
11429,Home and Furniture
5488,Women's wear
11324,Home and Furniture
5850,Women's wear
3879,Men's wear
7401,Women's wear
12036,Home and Furniture
9468,Home and Furniture
986,"Sports, Books and More"
5478,Women's wear
7312,Women's wear
5079,Men's wear
4411,Men's wear
9111,Bady and Kids
11362,Home and Furniture
3653,Men's wear
5429,Women's wear
9263,Home and Furniture
3068,Men's wear
1949,Electronics
912,"Sports, Books and More"
9483,Bady and Kids
3818,Men's wear
10945,Home and Furniture
8274,Bady and Kids
5202,Women's wear
10429,Home and Furniture
6753,Women's wear
3167,Men's wear
7571,Women's wear
1841,Electronics
11643,Home and Furniture
9827,Bady and Kids
2877,Men's wear
9266,Bady and Kids
3240,Men's wear
11478,Home and Furniture
1849,Electronics
5935,Women's wear
11512,Home and Furniture
5348,Women's wear
8363,Bady and Kids
11385,Home and Furniture
6665,Women's wear
9773,Bady and Kids
6374,Women's wear
3245,Men's wear
12040,Home and Furniture
2680,Electronics
11108,Home and Furniture
10062,Home and Furniture
5880,Women's wear
9640,Bady and Kids
5942,Men's wear
776,"Sports, Books and More"
1378,"Sports, Books and More"
9943,Home and Furniture
4766,Men's wear
1052,"Sports, Books and More"
3292,Men's wear
10958,Home and Furniture
3814,Men's wear
11833,Home and Furniture
7075,Women's wear
3996,Men's wear
11085,Home and Furniture
948,"Sports, Books and More"
2158,Electronics
8224,Bady and Kids
7440,Women's wear
434,"Sports, Books and More"
10925,Home and Furniture
456,"Sports, Books and More"
6997,Women's wear
8480,Bady and Kids
10792,Home and Furniture
9848,Bady and Kids
845,"Sports, Books and More"
11160,Home and Furniture
5875,Women's wear
1984,Electronics
5341,Women's wear
11504,Home and Furniture
11564,Home and Furniture
11752,Home and Furniture
10959,Home and Furniture
3228,Men's wear
4365,Men's wear
10825,Home and Furniture
3064,Men's wear
6250,Women's wear
9989,Home and Furniture
810,"Sports, Books and More"
9432,Bady and Kids
7619,Bady and Kids
8421,Bady and Kids
3370,Men's wear
4625,Men's wear
708,"Sports, Books and More"
4496,Men's wear
1273,"Sports, Books and More"
8555,Bady and Kids
32,"Sports, Books and More"
11186,Home and Furniture
9761,Bady and Kids
1116,"Sports, Books and More"
10863,Home and Furniture
3389,Men's wear
47,"Sports, Books and More"
1149,"Sports, Books and More"
161,"Sports, Books and More"
8992,Bady and Kids
11705,Home and Furniture
6477,Women's wear
6120,Women's wear
985,"Sports, Books and More"
549,"Sports, Books and More"
6406,Women's wear
5603,Women's wear
176,"Sports, Books and More"
11751,Home and Furniture
3632,Men's wear
5252,Women's wear
7017,Women's wear
1056,"Sports, Books and More"
533,"Sports, Books and More"
11682,Home and Furniture
10098,Home and Furniture
8379,Bady and Kids
2701,Electronics
11274,Home and Furniture
7,"Sports, Books and More"
373,"Sports, Books and More"
8710,Bady and Kids
7361,Women's wear
1323,"Sports, Books and More"
8653,Bady and Kids
6019,Women's wear
9769,Bady and Kids
4422,Men's wear
5512,Women's wear
4381,Men's wear
1482,"Sports, Books and More"
805,"Sports, Books and More"
9565,Bady and Kids
11529,Home and Furniture
5730,Women's wear
960,"Sports, Books and More"
5871,Women's wear
10003,Home and Furniture
100,"Sports, Books and More"
1349,"Sports, Books and More"
10939,Home and Furniture
10185,Home and Furniture
9904,Bady and Kids
11150,Home and Furniture
6000,Women's wear
2384,Electronics
3168,Men's wear
11004,Home and Furniture
9921,Bady and Kids
8217,Bady and Kids
5746,Women's wear
320,"Sports, Books and More"
10465,Home and Furniture
7069,Women's wear
8953,Bady and Kids
4725,Men's wear
11894,Bady and Kids
9570,Bady and Kids
10810,Home and Furniture
7600,Bady and Kids
455,"Sports, Books and More"
5448,Women's wear
10654,Home and Furniture
9874,Bady and Kids
8267,Bady and Kids
7477,Men's wear
6261,Women's wear
9514,Bady and Kids
3581,Men's wear
9318,Bady and Kids
2737,Electronics
11045,Home and Furniture
5359,Women's wear
2269,Electronics
11584,Home and Furniture
3417,Men's wear
5956,Women's wear
5103,Men's wear
8359,Bady and Kids
4646,Men's wear
3081,Men's wear
9865,Bady and Kids
10872,Home and Furniture
4770,Men's wear
9104,Bady and Kids
7733,Bady and Kids
629,"Sports, Books and More"
2401,Electronics
3392,Men's wear
2782,Electronics
9952,Home and Furniture
6233,Women's wear
5869,Women's wear
8579,Bady and Kids
7588,Bady and Kids
7847,Bady and Kids
5243,Women's wear
7687,Bady and Kids
3583,Men's wear
7394,Women's wear
6954,Women's wear
3771,Men's wear
619,"Sports, Books and More"
7105,Women's wear
3402,Men's wear
5023,Women's wear
3639,Men's wear
4323,Men's wear
2766,Electronics
10832,Home and Furniture
10616,Home and Furniture
8373,Bady and Kids
11763,Home and Furniture
352,"Sports, Books and More"
4181,Men's wear
9465,Bady and Kids
3994,Men's wear
5993,Women's wear
1899,Electronics
4734,Men's wear
1787,Electronics
10081,Home and Furniture
9222,Bady and Kids
4156,Men's wear
6187,Women's wear
1507,"Sports, Books and More"
4607,Men's wear
4513,Men's wear
4547,Men's wear
11028,Home and Furniture
6085,Women's wear
1267,"Sports, Books and More"
1488,"Sports, Books and More"
5389,Women's wear
11100,Home and Furniture
905,"Sports, Books and More"
3099,Men's wear
11272,Home and Furniture
3401,Men's wear
10895,Home and Furniture
3493,Men's wear
8411,Bady and Kids
6769,Women's wear
7558,Women's wear
10215,Home and Furniture
3025,Men's wear
2372,Electronics
9557,Bady and Kids
1801,"Sports, Books and More"
11794,Home and Furniture
9444,Bady and Kids
2794,Electronics
4819,Men's wear
763,"Sports, Books and More"
675,"Sports, Books and More"
3086,Men's wear
2648,Electronics
4108,Men's wear
5414,Women's wear
9884,Bady and Kids
5514,Women's wear
2325,Electronics
11868,Home and Furniture
5268,Women's wear
927,"Sports, Books and More"
2609,Electronics
541,"Sports, Books and More"
7334,Women's wear
2374,Electronics
4552,Men's wear
8930,Bady and Kids
11801,Home and Furniture
616,"Sports, Books and More"
10831,Home and Furniture
2083,Electronics
67,"Sports, Books and More"
1604,"Sports, Books and More"
4013,Men's wear
6537,Women's wear
10258,Home and Furniture
11179,Home and Furniture
6962,Women's wear
6505,Women's wear
9657,Home and Furniture
4315,Men's wear
211,"Sports, Books and More"
9701,Bady and Kids
4970,Men's wear
297,"Sports, Books and More"
7738,Bady and Kids
8072,Bady and Kids
9852,Bady and Kids
4376,Men's wear
2033,Electronics
8592,Bady and Kids
4180,Men's wear
11518,Home and Furniture
910,"Sports, Books and More"
6940,Women's wear
9270,Home and Furniture
2592,Electronics
2884,Men's wear
8676,Bady and Kids
1516,"Sports, Books and More"
9944,Home and Furniture
9613,Bady and Kids
6631,Women's wear
11520,Home and Furniture
8764,Bady and Kids
11767,Home and Furniture
10304,Home and Furniture
5896,Women's wear
2228,"Sports, Books and More"
6409,Women's wear
4555,Men's wear
2565,Electronics
5310,Women's wear
6893,Women's wear
2010,Electronics
5518,Women's wear
9503,Bady and Kids
9474,Bady and Kids
3548,Men's wear
11856,Home and Furniture
7532,Women's wear
10034,Home and Furniture
8447,Bady and Kids
11441,Home and Furniture
1236,"Sports, Books and More"
11424,Home and Furniture
8438,Bady and Kids
9723,Bady and Kids
7379,Women's wear
3748,Men's wear
9649,Bady and Kids
11161,Home and Furniture
9425,"Sports, Books and More"
11133,Home and Furniture
2179,Electronics
1830,Electronics
7367,Women's wear
10534,Home and Furniture
2647,Electronics
7331,Women's wear
62,"Sports, Books and More"
9685,Bady and Kids
10320,Home and Furniture
2912,Men's wear
11576,Home and Furniture
9029,Bady and Kids
557,"Sports, Books and More"
1415,"Sports, Books and More"
6321,Women's wear
9352,Bady and Kids
628,"Sports, Books and More"
9066,Bady and Kids
1432,"Sports, Books and More"
3114,Men's wear
6072,Women's wear
536,"Sports, Books and More"
82,"Sports, Books and More"
5929,Women's wear
7618,Bady and Kids
4876,Men's wear
10316,Bady and Kids
6498,Women's wear
7706,Bady and Kids
2703,Electronics
3453,Men's wear
6376,Women's wear
4273,Men's wear
8861,Bady and Kids
4962,Men's wear
6916,Women's wear
260,"Sports, Books and More"
3029,Men's wear
7953,Bady and Kids
6458,Women's wear
11536,Home and Furniture
6828,Women's wear
1560,"Sports, Books and More"
5736,Women's wear
4194,Men's wear
11603,Home and Furniture
7630,Bady and Kids
11882,Bady and Kids
7829,Bady and Kids
5175,Women's wear
1083,"Sports, Books and More"
9152,Bady and Kids
8879,Bady and Kids
3611,Men's wear
6879,Women's wear
1845,Electronics
8385,Bady and Kids
6492,Women's wear
3607,Men's wear
3339,Men's wear
5222,Women's wear
1097,"Sports, Books and More"
7455,Women's wear
7919,Bady and Kids
3482,Men's wear
1975,Electronics
11325,Home and Furniture
10322,Home and Furniture
4149,Men's wear
5757,Women's wear
7975,Bady and Kids
8025,Bady and Kids
8121,Bady and Kids
7446,Women's wear
3127,Men's wear
11396,Home and Furniture
3703,Men's wear
1720,"Sports, Books and More"
1767,"Sports, Books and More"
2242,Electronics
3543,Men's wear
5954,Women's wear
4963,Men's wear
2339,Electronics
4455,Men's wear
1602,"Sports, Books and More"
10715,Home and Furniture
1565,"Sports, Books and More"
10682,Home and Furniture
11959,Home and Furniture
3077,Men's wear
3074,Men's wear
4421,Men's wear
8713,Bady and Kids
4189,Men's wear
1558,"Sports, Books and More"
6318,Women's wear
8242,Bady and Kids
2776,Electronics
4388,Men's wear
967,"Sports, Books and More"
716,"Sports, Books and More"
1490,"Sports, Books and More"
3900,Men's wear
506,"Sports, Books and More"
2711,Electronics
3367,Men's wear
7282,Women's wear
1407,"Sports, Books and More"
8999,Bady and Kids
5546,Women's wear
6582,Women's wear
11632,Home and Furniture
11268,Home and Furniture
5765,Women's wear
1863,Women's wear
2986,Men's wear
6677,Women's wear
6442,Women's wear
7770,Bady and Kids
1815,"Sports, Books and More"
8661,Bady and Kids
10139,Home and Furniture
10693,Home and Furniture
11829,Home and Furniture
7324,Women's wear
11445,Home and Furniture
1025,"Sports, Books and More"
6474,Women's wear
10731,Home and Furniture
4903,Women's wear
7004,Women's wear
5998,Women's wear
11706,Home and Furniture
11933,Home and Furniture
9366,Bady and Kids
6419,Women's wear
2837,Men's wear
4206,Men's wear
8419,Bady and Kids
1725,"Sports, Books and More"
9794,Bady and Kids
5490,Women's wear
9645,Bady and Kids
1130,"Sports, Books and More"
5406,Women's wear
2200,"Sports, Books and More"
4716,Men's wear
5876,Women's wear
1833,Electronics
5074,Men's wear
10912,Home and Furniture
6705,Women's wear
5210,Women's wear
430,"Sports, Books and More"
853,"Sports, Books and More"
8827,Bady and Kids
4139,Men's wear
2712,Electronics
5833,Women's wear
3592,Men's wear
10166,Home and Furniture
511,"Sports, Books and More"
6231,Women's wear
11068,Home and Furniture
9427,Bady and Kids
2255,Electronics
8703,Bady and Kids
4018,Men's wear
10279,Home and Furniture
8799,Bady and Kids
1106,"Sports, Books and More"
8015,Bady and Kids
5523,Women's wear
7193,Women's wear
3713,Men's wear
2996,Men's wear
9895,Bady and Kids
6043,Women's wear
5006,Men's wear
8734,Bady and Kids
9819,Bady and Kids
234,"Sports, Books and More"
11575,Home and Furniture
10454,Home and Furniture
2363,"Sports, Books and More"
5959,Women's wear
8043,Bady and Kids
10581,Home and Furniture
10967,Home and Furniture
2165,Women's wear
7981,Women's wear
11866,Home and Furniture
8158,Bady and Kids
6977,Women's wear
1506,"Sports, Books and More"
6021,Women's wear
4763,Men's wear
3045,Men's wear
11386,Women's wear
8635,Bady and Kids
5400,Women's wear
4583,Men's wear
997,"Sports, Books and More"
3379,Men's wear
10131,Home and Furniture
5238,Women's wear
10917,Home and Furniture
3046,Men's wear
462,"Sports, Books and More"
2073,Electronics
12008,Home and Furniture
5801,Women's wear
8949,Bady and Kids
11059,Home and Furniture
11159,Home and Furniture
8604,Bady and Kids
9271,Bady and Kids
11397,Home and Furniture
1912,Electronics
9881,Bady and Kids
1570,"Sports, Books and More"
5544,Women's wear
9821,Bady and Kids
1653,Men's wear
8984,Bady and Kids
9407,Bady and Kids
10243,Home and Furniture
1837,Electronics
9269,Bady and Kids
6874,Women's wear
10707,Home and Furniture
2444,Electronics
6908,Women's wear
2285,Electronics
7422,Women's wear
7444,Women's wear
4553,Men's wear
8622,Bady and Kids
626,"Sports, Books and More"
9342,Bady and Kids
3475,Men's wear
8027,Bady and Kids
8134,Bady and Kids
5486,Women's wear
9922,Home and Furniture
2277,Electronics
4704,Men's wear
3579,Men's wear
11863,Home and Furniture
6713,Women's wear
2798,Electronics
7764,Bady and Kids
2012,Electronics
1948,Electronics
3989,Men's wear
10824,Home and Furniture
10587,Home and Furniture
4071,Men's wear
1241,"Sports, Books and More"
7475,Men's wear
1903,Electronics
5526,Women's wear
3972,Men's wear
4375,Men's wear
7283,Women's wear
5677,Women's wear
102,"Sports, Books and More"
3933,Men's wear
10754,Home and Furniture
8605,Bady and Kids
1418,"Sports, Books and More"
5651,Women's wear
1136,"Sports, Books and More"
577,"Sports, Books and More"
10569,Home and Furniture
9291,Bady and Kids
5520,Women's wear
11300,Home and Furniture
5721,Women's wear
6368,Women's wear
832,"Sports, Books and More"
914,"Sports, Books and More"
4211,Men's wear
1313,"Sports, Books and More"
3189,Men's wear
6377,Women's wear
1993,Electronics
5294,Women's wear
6174,Women's wear
7353,Women's wear
4987,Men's wear
1398,"Sports, Books and More"
9220,Bady and Kids
6087,Women's wear
11235,Home and Furniture
4014,Men's wear
7102,Women's wear
8644,Bady and Kids
3868,Men's wear
5121,Men's wear
5279,Women's wear
4694,Men's wear
8105,Bady and Kids
9232,Bady and Kids
4733,Men's wear
4629,Men's wear
8310,Bady and Kids
2770,Electronics
2930,Men's wear
4261,Men's wear
8164,Bady and Kids
8666,Bady and Kids
1769,Electronics
8230,Bady and Kids
6287,Women's wear
7573,Women's wear
2640,Electronics
432,"Sports, Books and More"
11223,Home and Furniture
3089,Men's wear
6352,Women's wear
11903,Home and Furniture
5199,Women's wear
6238,Women's wear
4893,Men's wear
7837,Bady and Kids
9647,Bady and Kids
4263,Men's wear
498,"Sports, Books and More"
4689,Men's wear
6910,Women's wear
11854,Home and Furniture
7434,Women's wear
5309,Women's wear
602,"Sports, Books and More"
7027,Women's wear
2750,Electronics
3222,Men's wear
8146,Bady and Kids
11630,Home and Furniture
982,"Sports, Books and More"
5253,Women's wear
9792,Bady and Kids
3360,"Sports, Books and More"
11653,Home and Furniture
7730,Bady and Kids
834,"Sports, Books and More"
4779,Men's wear
4504,Men's wear
7218,Women's wear
10068,Home and Furniture
3678,Men's wear
10188,Home and Furniture
9798,Home and Furniture
9735,Bady and Kids
10697,Home and Furniture
4853,Men's wear
6513,Women's wear
5563,Women's wear
8714,Bady and Kids
11129,Home and Furniture
7606,Bady and Kids
11615,Home and Furniture
5368,Women's wear
7846,Bady and Kids
6560,Women's wear
11041,Home and Furniture
8223,Bady and Kids
6567,Women's wear
4805,Men's wear
2972,Men's wear
311,Women's wear
4843,Men's wear
671,"Sports, Books and More"
842,"Sports, Books and More"
3937,Men's wear
11671,Home and Furniture
9625,Bady and Kids
11785,Home and Furniture
5784,Women's wear
4760,Men's wear
3724,Men's wear
2245,Electronics
9928,Home and Furniture
1413,"Sports, Books and More"
10246,Home and Furniture
4536,Men's wear
8282,Bady and Kids
2400,Electronics
8273,Bady and Kids
10933,Home and Furniture
2020,Electronics
4575,Men's wear
8723,Bady and Kids
3266,Men's wear
2380,Electronics
4746,Men's wear
2066,Electronics
10827,Home and Furniture
2462,Electronics
11020,Home and Furniture
7215,Women's wear
10553,Home and Furniture
8479,Bady and Kids
1921,Electronics
6756,Women's wear
7984,Bady and Kids
5449,Women's wear
3281,Women's wear
4135,Men's wear
5970,Women's wear
3061,Men's wear
5100,Men's wear
495,"Sports, Books and More"
4999,Men's wear
8240,Bady and Kids
1392,"Sports, Books and More"
3646,Men's wear
9118,Bady and Kids
7326,Women's wear
2846,Men's wear
7473,Men's wear
10785,Home and Furniture
9633,Bady and Kids
8374,Bady and Kids
450,"Sports, Books and More"
743,"Sports, Books and More"
8058,Bady and Kids
6920,Women's wear
11811,Home and Furniture
1572,"Sports, Books and More"
7500,Men's wear
5387,Women's wear
3737,Men's wear
5550,Women's wear
7474,Men's wear
8892,Bady and Kids
1502,"Sports, Books and More"
9187,Bady and Kids
3377,Men's wear
2719,Electronics
4500,Men's wear
5659,Women's wear
5172,Women's wear
1486,"Sports, Books and More"
10296,Bady and Kids
9400,Bady and Kids
6431,Women's wear
10119,Home and Furniture
6695,Women's wear
3192,Men's wear
7745,Bady and Kids
7266,Women's wear
2686,Electronics
2861,Men's wear
2225,Electronics
8435,Men's wear
12019,Home and Furniture
1138,"Sports, Books and More"
4788,Bady and Kids
10604,Home and Furniture
3177,Men's wear
14,"Sports, Books and More"
7914,Bady and Kids
10898,Home and Furniture
6446,Women's wear
3106,Men's wear
1245,"Sports, Books and More"
8080,Bady and Kids
3107,Men's wear
565,"Sports, Books and More"
3079,Men's wear
5620,Women's wear
9211,Bady and Kids
6101,Women's wear
68,"Sports, Books and More"
2215,"Sports, Books and More"
9860,Bady and Kids
11822,Home and Furniture
8693,Bady and Kids
11858,Home and Furniture
3527,Men's wear
3659,Men's wear
9844,Bady and Kids
9305,Bady and Kids
947,"Sports, Books and More"
10441,Home and Furniture
6063,Women's wear
5450,Women's wear
2553,Electronics
11659,Home and Furniture
8184,Bady and Kids
3307,Men's wear
9068,Bady and Kids
10944,Home and Furniture
11666,Home and Furniture
2945,Men's wear
3442,Men's wear
4384,Men's wear
8875,Bady and Kids
5578,Women's wear
9946,Home and Furniture
788,"Sports, Books and More"
9218,Bady and Kids
5014,Men's wear
9582,Bady and Kids
479,"Sports, Books and More"
7888,Bady and Kids
2747,Electronics
6421,Women's wear
8576,Bady and Kids
3580,Men's wear
4768,Men's wear
4616,Men's wear
4300,Men's wear
2074,Electronics
2302,Electronics
9799,Bady and Kids
6198,Women's wear
8787,Bady and Kids
6749,Women's wear
755,"Sports, Books and More"
8737,Bady and Kids
561,"Sports, Books and More"
3845,Men's wear
5948,Women's wear
7904,Bady and Kids
9277,Bady and Kids
6032,Women's wear
6839,Women's wear
6613,Women's wear
7877,Bady and Kids
4260,Men's wear
11480,Home and Furniture
3638,Men's wear
9940,Home and Furniture
2481,Electronics
5625,Women's wear
5556,Women's wear
1917,Electronics
9437,Bady and Kids
2314,Electronics
1095,"Sports, Books and More"
11249,Home and Furniture
6786,Women's wear
4266,Men's wear
11419,Home and Furniture
3764,Men's wear
8878,Bady and Kids
6135,Women's wear
7124,Men's wear
665,"Sports, Books and More"
4094,Men's wear
7825,Bady and Kids
1396,"Sports, Books and More"
8293,Bady and Kids
3902,Men's wear
5107,Men's wear
7302,Women's wear
10241,Home and Furniture
7634,Bady and Kids
5433,Women's wear
10965,Home and Furniture
6588,Women's wear
5907,Women's wear
9262,Home and Furniture
978,"Sports, Books and More"
11432,Home and Furniture
9837,Bady and Kids
9543,Bady and Kids
10004,Home and Furniture
5738,Women's wear
10742,Home and Furniture
9272,Bady and Kids
6519,Women's wear
10156,Home and Furniture
3241,Men's wear
8957,Bady and Kids
1076,"Sports, Books and More"
9371,Bady and Kids
6650,Women's wear
1240,"Sports, Books and More"
6159,Women's wear
4612,Men's wear
6348,Women's wear
515,"Sports, Books and More"
3921,Men's wear
4491,Men's wear
5435,Women's wear
11597,Home and Furniture
7714,Bady and Kids
8599,Bady and Kids
8559,Bady and Kids
4712,Men's wear
8586,Bady and Kids
1885,Electronics
11513,Home and Furniture
6951,Women's wear
236,"Sports, Books and More"
16,"Sports, Books and More"
8353,Bady and Kids
8350,Bady and Kids
10167,Home and Furniture
1581,Home and Furniture
9903,Bady and Kids
10478,Home and Furniture
7024,Women's wear
6086,Women's wear
11596,Home and Furniture
11831,Home and Furniture
6149,Women's wear
11231,Women's wear
5891,Women's wear
5022,Women's wear
6938,"Sports, Books and More"
1431,"Sports, Books and More"
11712,Home and Furniture
9394,Bady and Kids
9000,Bady and Kids
3129,Men's wear
7297,Women's wear
10468,Home and Furniture
8124,Bady and Kids
2213,"Sports, Books and More"
5729,Women's wear
3355,Women's wear
1165,"Sports, Books and More"
2202,Electronics
7801,Bady and Kids
3381,Men's wear
7496,Men's wear
10115,Home and Furniture
10802,Home and Furniture
7773,Bady and Kids
11619,Home and Furniture
5485,Women's wear
5267,Women's wear
10834,Home and Furniture
9857,Bady and Kids
2220,"Sports, Books and More"
7940,Bady and Kids
6939,Women's wear
6361,Women's wear
6898,Women's wear
11808,Home and Furniture
9247,Home and Furniture
1465,"Sports, Books and More"
6984,Women's wear
2702,Electronics
7744,Bady and Kids
2964,Women's wear
6119,Women's wear
3908,Men's wear
11348,Electronics
3042,Men's wear
8095,Bady and Kids
2236,Electronics
840,"Sports, Books and More"
3407,Men's wear
3012,Men's wear
11379,Home and Furniture
8851,Bady and Kids
10503,Home and Furniture
1366,"Sports, Books and More"
5892,Women's wear
5130,Men's wear
692,"Sports, Books and More"
6865,Women's wear
5147,Men's wear
11299,Home and Furniture
6407,Women's wear
4299,Men's wear
3589,Men's wear
9753,Bady and Kids
10284,Bady and Kids
8417,Bady and Kids
4692,Men's wear
2965,Men's wear
1925,Electronics
8519,Bady and Kids
6324,Women's wear
6200,Women's wear
11062,Home and Furniture
11884,Men's wear
7648,Bady and Kids
10280,Home and Furniture
8268,Bady and Kids
6020,Women's wear
8324,Bady and Kids
9054,Bady and Kids
9658,Bady and Kids
11509,Home and Furniture
4432,Men's wear
7781,Bady and Kids
10275,Home and Furniture
1944,Electronics
7585,Bady and Kids
1098,"Sports, Books and More"
11699,Home and Furniture
1231,"Sports, Books and More"
3631,Men's wear
2528,Electronics
9998,Home and Furniture
1795,"Sports, Books and More"
9113,Bady and Kids
9795,Bady and Kids
10500,Home and Furniture
5384,Women's wear
11499,Home and Furniture
6913,Women's wear
7295,Women's wear
12039,Home and Furniture
8932,Bady and Kids
3431,Men's wear
6236,Bady and Kids
4245,Men's wear
4847,Men's wear
9911,Bady and Kids
697,"Sports, Books and More"
1099,"Sports, Books and More"
9479,Bady and Kids
8881,Bady and Kids
8768,Bady and Kids
6758,Women's wear
7512,Men's wear
5711,Women's wear
5706,Women's wear
1212,"Sports, Books and More"
4674,Men's wear
10178,Home and Furniture
200,Bady and Kids
6799,Women's wear
4816,Men's wear
678,"Sports, Books and More"
8053,Bady and Kids
3774,Men's wear
7414,Women's wear
8239,Bady and Kids
9018,Bady and Kids
2847,Men's wear
3357,"Sports, Books and More"
1082,"Sports, Books and More"
4042,Men's wear
8207,Bady and Kids
848,"Sports, Books and More"
115,"Sports, Books and More"
3779,Men's wear
4921,Women's wear
6934,Women's wear
75,"Sports, Books and More"
8993,Bady and Kids
7292,Women's wear
9566,Bady and Kids
8450,Bady and Kids
2917,Men's wear
6536,Women's wear
3269,Men's wear
2080,Electronics
11181,Home and Furniture
8544,Bady and Kids
11225,Women's wear
10957,Home and Furniture
3018,Men's wear
10835,Home and Furniture
6392,Women's wear
1324,"Sports, Books and More"
2622,Electronics
7187,Women's wear
2938,Men's wear
1223,"Sports, Books and More"
11498,Home and Furniture
822,"Sports, Books and More"
3135,Men's wear
9966,Home and Furniture
10060,Home and Furniture
6188,Women's wear
1001,"Sports, Books and More"
10432,Home and Furniture
1334,"Sports, Books and More"
11848,Home and Furniture
4340,Men's wear
10624,Home and Furniture
6456,Women's wear
9023,Bady and Kids
6440,Women's wear
6872,Women's wear
286,"Sports, Books and More"
3185,Men's wear
7051,Women's wear
10085,Home and Furniture
8803,Bady and Kids
5104,Men's wear
7963,Bady and Kids
1548,"Sports, Books and More"
1233,"Sports, Books and More"
2062,Electronics
11965,Home and Furniture
520,"Sports, Books and More"
3903,Men's wear
6274,Women's wear
10333,Home and Furniture
8911,Bady and Kids
11696,Home and Furniture
6146,Women's wear
785,"Sports, Books and More"
6109,Women's wear
1357,"Sports, Books and More"
10286,Home and Furniture
8796,Bady and Kids
10578,Home and Furniture
3975,Men's wear
1153,"Sports, Books and More"
2988,Men's wear
8654,Bady and Kids
9288,Bady and Kids
4057,Men's wear
2283,Electronics
3519,Men's wear
6031,Women's wear
314,"Sports, Books and More"
6342,Women's wear
11474,Home and Furniture
6911,Women's wear
6249,Women's wear
6,"Sports, Books and More"
7774,Bady and Kids
4249,Men's wear
4635,Men's wear
649,"Sports, Books and More"
8504,Bady and Kids
7228,Women's wear
2779,Electronics
10083,Home and Furniture
7118,Women's wear
11807,Home and Furniture
11111,Home and Furniture
6461,Women's wear
7253,Women's wear
2620,Electronics
253,"Sports, Books and More"
10525,Home and Furniture
6772,Women's wear
9515,Bady and Kids
4839,Men's wear
9893,Bady and Kids
2520,Electronics
10857,Home and Furniture
8699,Bady and Kids
2003,Electronics
643,"Sports, Books and More"
3672,Men's wear
3810,Men's wear
3911,Men's wear
4580,Men's wear
597,"Sports, Books and More"
49,"Sports, Books and More"
5300,Women's wear
4849,Men's wear
9219,Bady and Kids
6357,Women's wear
4164,Men's wear
1662,"Sports, Books and More"
6015,Women's wear
8219,Bady and Kids
9631,"Sports, Books and More"
7679,Bady and Kids
248,"Sports, Books and More"
4239,Men's wear
8841,Bady and Kids
6861,Women's wear
11750,Home and Furniture
9403,Bady and Kids
3137,Men's wear
10541,Home and Furniture
8054,Bady and Kids
10397,Home and Furniture
10955,Home and Furniture
6852,Women's wear
2523,Electronics
486,"Sports, Books and More"
6648,Women's wear
839,"Sports, Books and More"
3515,Men's wear
1883,Electronics
10533,Home and Furniture
10612,Home and Furniture
8720,Bady and Kids
1937,Women's wear
3750,Men's wear
1147,"Sports, Books and More"
7073,Men's wear
5262,Women's wear
5660,Women's wear
9106,Bady and Kids
754,"Sports, Books and More"
929,"Sports, Books and More"
10086,Home and Furniture
1450,"Sports, Books and More"
7921,Bady and Kids
8732,Bady and Kids
7386,Women's wear
10830,Home and Furniture
11606,Home and Furniture
2418,Electronics
8381,Bady and Kids
11781,Home and Furniture
8232,Bady and Kids
5003,Women's wear
7700,Bady and Kids
2931,Men's wear
7041,Women's wear
2949,Men's wear
8707,Bady and Kids
10771,Home and Furniture
523,"Sports, Books and More"
5778,Women's wear
3722,Men's wear
768,"Sports, Books and More"
1380,"Sports, Books and More"
8596,Bady and Kids
4235,Men's wear
9831,Bady and Kids
9665,Bady and Kids
954,"Sports, Books and More"
4025,Men's wear
2275,Electronics
7177,Women's wear
3376,Men's wear
11961,Home and Furniture
10311,Bady and Kids
10972,Home and Furniture
6258,Women's wear
8600,Bady and Kids
9541,Bady and Kids
4709,Men's wear
7786,Bady and Kids
2256,Electronics
7983,Bady and Kids
11401,Home and Furniture
2478,Electronics
3142,Men's wear
4774,Men's wear
5965,Women's wear
7211,Women's wear
6835,Women's wear
3586,Men's wear
8414,Bady and Kids
570,"Sports, Books and More"
6937,Women's wear
5767,Women's wear
11755,Home and Furniture
283,"Sports, Books and More"
9680,Bady and Kids
3176,Men's wear
6048,Women's wear
126,"Sports, Books and More"
2041,Electronics
812,"Sports, Books and More"
5029,Men's wear
2551,Electronics
12009,Home and Furniture
10702,Home and Furniture
6320,Women's wear
6820,Women's wear
5284,Women's wear
7320,Women's wear
2739,Electronics
8947,Bady and Kids
6565,Women's wear
8665,Bady and Kids
7202,Women's wear
8050,Bady and Kids
4070,Men's wear
5091,Men's wear
6027,Women's wear
8086,Bady and Kids
2891,Men's wear
2880,Men's wear
8538,Bady and Kids
4989,Men's wear
2735,Electronics
6907,"Sports, Books and More"
8099,Bady and Kids
1239,"Sports, Books and More"
371,"Sports, Books and More"
1709,"Sports, Books and More"
6394,Women's wear
3232,Women's wear
10813,Home and Furniture
2510,Electronics
6976,Women's wear
9112,Bady and Kids
3467,Men's wear
761,"Sports, Books and More"
2313,Electronics
10032,Home and Furniture
6760,Men's wear
632,"Sports, Books and More"
12030,Home and Furniture
4383,Men's wear
6775,Men's wear
1969,Electronics
5285,Women's wear
5366,Women's wear
8108,Bady and Kids
11011,Home and Furniture
9809,Bady and Kids
2243,Electronics
10335,Home and Furniture
9859,Bady and Kids
1677,"Sports, Books and More"
2435,Electronics
10545,Home and Furniture
5043,Men's wear
2303,Electronics
826,"Sports, Books and More"
4740,Men's wear
2210,"Sports, Books and More"
11481,Home and Furniture
8896,Bady and Kids
11777,Home and Furniture
397,"Sports, Books and More"
3173,Men's wear
10868,Home and Furniture
5859,Women's wear
4675,Men's wear
9906,Bady and Kids
8147,Bady and Kids
5787,Women's wear
172,"Sports, Books and More"
4723,Men's wear
1940,Electronics
3411,Men's wear
2746,Electronics
11010,Home and Furniture
3324,"Sports, Books and More"
6395,Women's wear
4454,Men's wear
8731,Bady and Kids
10864,Home and Furniture
3766,Men's wear
683,"Sports, Books and More"
9245,Home and Furniture
720,"Sports, Books and More"
1196,"Sports, Books and More"
8444,Bady and Kids
7363,Women's wear
4284,Men's wear
5719,Women's wear
6721,Women's wear
1186,"Sports, Books and More"
887,"Sports, Books and More"
9184,Bady and Kids
4072,Men's wear
216,"Sports, Books and More"
3428,Men's wear
1093,"Sports, Books and More"
10589,Home and Furniture
3693,Men's wear
4661,Men's wear
4186,Men's wear
5439,Women's wear
9692,Bady and Kids
4744,Men's wear
2681,Electronics
9770,Bady and Kids
2787,Electronics
7016,Women's wear
811,"Sports, Books and More"
8495,Bady and Kids
4402,Men's wear
3817,Men's wear
11707,Home and Furniture
4401,Men's wear
66,"Sports, Books and More"
7409,Women's wear
5908,Women's wear
3054,Men's wear
7207,Women's wear
9357,Bady and Kids
8575,Bady and Kids
1244,"Sports, Books and More"
3486,Men's wear
5814,Women's wear
6903,Women's wear
10364,Home and Furniture
11056,Home and Furniture
11178,Home and Furniture
36,"Sports, Books and More"
9335,Bady and Kids
1880,Electronics
7338,Women's wear
9299,Bady and Kids
7272,Women's wear
9079,Bady and Kids
1753,"Sports, Books and More"
6712,Women's wear
10084,Home and Furniture
1768,"Sports, Books and More"
9063,Bady and Kids
1117,"Sports, Books and More"
614,"Sports, Books and More"
1828,Electronics
7852,Bady and Kids
11444,Home and Furniture
9179,Bady and Kids
2627,Electronics
7458,Women's wear
5823,Women's wear
6268,Women's wear
8460,Bady and Kids
2470,Electronics
1036,"Sports, Books and More"
7563,Women's wear
10037,Home and Furniture
9317,Bady and Kids
12032,Home and Furniture
3277,Men's wear
6620,Women's wear
7267,Women's wear
1950,Electronics
101,"Sports, Books and More"
10497,Home and Furniture
8564,Bady and Kids
7703,Bady and Kids
8683,Bady and Kids
4159,Men's wear
1255,"Sports, Books and More"
11762,Home and Furniture
4603,Men's wear
542,"Sports, Books and More"
9840,Bady and Kids
439,"Sports, Books and More"
7743,Bady and Kids
8629,Bady and Kids
2337,Electronics
11527,Home and Furniture
11099,Home and Furniture
10221,Home and Furniture
4679,Men's wear
4355,Men's wear
11551,Home and Furniture
3619,Men's wear
5401,Women's wear
4131,Men's wear
9386,Bady and Kids
9380,Bady and Kids
10349,Home and Furniture
9744,Bady and Kids
6010,Women's wear
11036,Home and Furniture
4799,Men's wear
9974,Home and Furniture
580,"Sports, Books and More"
9,"Sports, Books and More"
117,"Sports, Books and More"
3609,Men's wear
4391,Men's wear
1680,"Sports, Books and More"
11049,Home and Furniture
11798,Home and Furniture
10438,Home and Furniture
3314,Men's wear
6384,Women's wear
4793,Bady and Kids
2561,Electronics
5010,Women's wear
579,"Sports, Books and More"
4459,Men's wear
3601,Men's wear
11337,Home and Furniture
26,"Sports, Books and More"
2535,Electronics
7508,Women's wear
2414,Electronics
8071,Bady and Kids
6853,Women's wear
5597,Women's wear
3743,Men's wear
2722,Electronics
6299,Women's wear
8750,Bady and Kids
5390,Women's wear
46,"Sports, Books and More"
4225,Men's wear
2492,Electronics
10768,Home and Furniture
1412,"Sports, Books and More"
2394,Electronics
823,"Sports, Books and More"
5924,Women's wear
8767,Bady and Kids
5825,Women's wear
5365,Women's wear
2346,Electronics
3308,Men's wear
3717,Men's wear
8347,Bady and Kids
5782,Women's wear
2598,Electronics
5064,Men's wear
6986,Women's wear
11469,Home and Furniture
11473,Home and Furniture
5266,Women's wear
749,"Sports, Books and More"
4510,Men's wear
9306,Bady and Kids
7976,Bady and Kids
140,"Sports, Books and More"
2844,Men's wear
8859,Bady and Kids
1453,"Sports, Books and More"
3419,Men's wear
5694,Women's wear
8096,Bady and Kids
8170,Bady and Kids
9671,Bady and Kids
9751,Bady and Kids
9553,"Sports, Books and More"
10739,Home and Furniture
6467,Women's wear
5118,Men's wear
5431,Women's wear
11411,Home and Furniture
11102,Home and Furniture
3621,Men's wear
10498,Home and Furniture
4372,Men's wear
11372,Home and Furniture
10352,Home and Furniture
3507,Men's wear
3834,Men's wear
3912,Men's wear
8679,Bady and Kids
11506,Home and Furniture
9813,Bady and Kids
6946,Women's wear
4577,Men's wear
6099,Women's wear
698,"Sports, Books and More"
6453,Women's wear
5922,Women's wear
4980,Men's wear
11809,Home and Furniture
8595,Bady and Kids
603,"Sports, Books and More"
11984,Home and Furniture
9652,Bady and Kids
3984,Men's wear
2206,Electronics
2441,Electronics
4305,Men's wear
11258,Home and Furniture
3709,Men's wear
11073,Home and Furniture
10045,Home and Furniture
5571,Women's wear
7005,Women's wear
6152,Women's wear
8406,Bady and Kids
3751,Men's wear
5108,Men's wear
10741,Home and Furniture
9248,Home and Furniture
11510,Home and Furniture
5643,Women's wear
2919,Men's wear
10617,Home and Furniture
4714,Men's wear
5534,Women's wear
1295,"Sports, Books and More"
10104,Home and Furniture
4173,Men's wear
9080,Bady and Kids
8437,Bady and Kids
10058,Home and Furniture
270,Bady and Kids
1630,Men's wear
11661,Home and Furniture
10900,Home and Furniture
5204,Women's wear
4695,Men's wear
7167,Women's wear
1626,Men's wear
11315,Home and Furniture
8961,Bady and Kids
5270,Women's wear
8746,Bady and Kids
11960,Home and Furniture
11294,Home and Furniture
5658,Women's wear
3585,Men's wear
9081,Bady and Kids
5897,Women's wear
2605,Electronics
7737,Bady and Kids
8830,Bady and Kids
1167,"Sports, Books and More"
9985,Home and Furniture
4899,Women's wear
5471,Women's wear
4984,Men's wear
10198,Home and Furniture
4883,Women's wear
5164,Women's wear
4705,Men's wear
11689,Home and Furniture
11439,Home and Furniture
7114,Women's wear
8388,Bady and Kids
4986,Men's wear
10714,Home and Furniture
6822,Women's wear
4268,Home and Furniture
2357,Electronics
11416,Home and Furniture
7924,Bady and Kids
2052,Electronics
1066,"Sports, Books and More"
7897,Bady and Kids
307,"Sports, Books and More"
6912,Women's wear
11238,Home and Furniture
1133,"Sports, Books and More"
1361,"Sports, Books and More"
11226,Home and Furniture
7711,Bady and Kids
3457,Men's wear
4040,Men's wear
4830,Men's wear
2646,Electronics
5895,Women's wear
2865,Men's wear
313,"Sports, Books and More"
10718,Home and Furniture
4446,Men's wear
11771,Home and Furniture
2513,"Sports, Books and More"
6602,Women's wear
1002,"Sports, Books and More"
9646,Bady and Kids
6438,Women's wear
5537,Women's wear
11329,Home and Furniture
6857,Women's wear
11876,Home and Furniture
7784,Bady and Kids
10804,Home and Furniture
1721,"Sports, Books and More"
11549,Home and Furniture
1469,"Sports, Books and More"
4443,Men's wear
2445,Electronics
9787,Bady and Kids
6968,Women's wear
412,"Sports, Books and More"
9365,Bady and Kids
9390,Bady and Kids
11511,Home and Furniture
1529,"Sports, Books and More"
662,"Sports, Books and More"
11676,Home and Furniture
2757,Electronics
2564,Electronics
1583,"Sports, Books and More"
225,"Sports, Books and More"
362,"Sports, Books and More"
2808,Men's wear
7487,Men's wear
9358,Bady and Kids
3474,Men's wear
8265,Bady and Kids
8539,Bady and Kids
9027,Bady and Kids
9181,Electronics
1690,"Sports, Books and More"
11905,"Sports, Books and More"
6668,Women's wear
4597,Men's wear
8543,Bady and Kids
8612,Bady and Kids
2051,Electronics
6181,Women's wear
11621,Home and Furniture
7885,Bady and Kids
9378,Bady and Kids
3953,Men's wear
9279,Home and Furniture
2205,"Sports, Books and More"
5231,Women's wear
4145,Men's wear
9871,Bady and Kids
4975,Men's wear
178,"Sports, Books and More"
5287,Women's wear
10998,Home and Furniture
6237,Women's wear
4113,Men's wear
4678,Men's wear
3599,Men's wear
2428,Electronics
8742,Bady and Kids
1026,"Sports, Books and More"
394,"Sports, Books and More"
3728,Men's wear
11447,Home and Furniture
4573,Men's wear
56,"Sports, Books and More"
6011,Women's wear
8225,Bady and Kids
3918,Men's wear
7677,Bady and Kids
1122,"Sports, Books and More"
8345,Bady and Kids
2448,Electronics
871,"Sports, Books and More"
3044,Men's wear
3296,Men's wear
3451,Men's wear
4279,Men's wear
7025,Women's wear
4062,Men's wear
3301,Men's wear
1799,Electronics
5904,Women's wear
5791,Women's wear
4336,Men's wear
2562,Electronics
4169,Men's wear
1045,"Sports, Books and More"
6936,Women's wear
39,"Sports, Books and More"
3223,Women's wear
11570,Home and Furniture
6983,Women's wear
276,"Sports, Books and More"
1449,"Sports, Books and More"
4897,Women's wear
357,"Sports, Books and More"
105,"Sports, Books and More"
10130,Home and Furniture
637,"Sports, Books and More"
9163,Bady and Kids
6054,Women's wear
8209,Bady and Kids
10568,Home and Furniture
9563,"Sports, Books and More"
873,"Sports, Books and More"
3423,Men's wear
11366,Home and Furniture
8580,Bady and Kids
2785,Electronics
358,"Sports, Books and More"
6810,Women's wear
9215,Bady and Kids
1747,"Sports, Books and More"
1726,"Sports, Books and More"
8587,Bady and Kids
727,"Sports, Books and More"
10861,Home and Furniture
3409,Men's wear
1671,"Sports, Books and More"
3230,Men's wear
6627,Women's wear
11019,Home and Furniture
10554,Home and Furniture
6522,Women's wear
8974,Bady and Kids
4683,Men's wear
2149,Electronics
4948,Women's wear
4199,Men's wear
10976,Home and Furniture
5817,Women's wear
1595,"Sports, Books and More"
7131,Women's wear
5060,Men's wear
6350,Women's wear
11818,Women's wear
8725,Bady and Kids
10641,Home and Furniture
9034,Bady and Kids
1638,Men's wear
2584,Electronics
5171,Women's wear
8286,Bady and Kids
386,"Sports, Books and More"
6341,Women's wear
4045,Men's wear
10420,Home and Furniture
11931,Home and Furniture
10208,Home and Furniture
8192,Bady and Kids
5217,Women's wear
10358,Home and Furniture
2473,Electronics
10463,Home and Furniture
2926,Men's wear
5604,Women's wear
5052,Men's wear
3160,Men's wear
11626,Home and Furniture
7901,Bady and Kids
188,"Sports, Books and More"
2291,Electronics
6465,Women's wear
112,"Sports, Books and More"
6896,Women's wear
11862,Home and Furniture
4925,Women's wear
5418,Women's wear
10401,Home and Furniture
2366,Electronics
3159,Bady and Kids
5024,Men's wear
10105,Home and Furniture
11938,Home and Furniture
3963,Men's wear
8130,Bady and Kids
9507,Bady and Kids
2596,Electronics
8462,Bady and Kids
10761,Home and Furniture
8002,Bady and Kids
3040,Men's wear
8399,Bady and Kids
595,"Sports, Books and More"
4470,Men's wear
5186,Women's wear
11995,Home and Furniture
4378,Men's wear
502,"Sports, Books and More"
8540,Bady and Kids
12011,Home and Furniture
8237,Bady and Kids
9099,Bady and Kids
6887,Women's wear
1907,Electronics
8866,Bady and Kids
9082,Bady and Kids
11703,Home and Furniture
8352,Bady and Kids
9669,Bady and Kids
6506,Women's wear
1360,"Sports, Books and More"
6541,Women's wear
4866,Men's wear
3754,Men's wear
11173,Home and Furniture
471,"Sports, Books and More"
11205,Home and Furniture
5191,Women's wear
11361,Home and Furniture
1919,Electronics
6343,Women's wear
4246,Men's wear
3464,Men's wear
5499,Women's wear
7790,Bady and Kids
9776,Bady and Kids
2588,Electronics
11072,Home and Furniture
7063,Women's wear
7405,Women's wear
2411,Electronics
5035,Women's wear
8623,Bady and Kids
1832,Electronics
2813,Men's wear
11732,Home and Furniture
2128,Electronics
3935,Men's wear
6035,Women's wear
1616,"Sports, Books and More"
1472,"Sports, Books and More"
1294,"Sports, Books and More"
9442,Bady and Kids
10851,Home and Furniture
2924,Men's wear
11602,Home and Furniture
10318,Home and Furniture
3309,Men's wear
923,"Sports, Books and More"
3628,Men's wear
1195,"Sports, Books and More"
11400,Home and Furniture
10968,Home and Furniture
10758,Home and Furniture
4787,Electronics
6103,Women's wear
11237,Home and Furniture
1354,"Sports, Books and More"
9863,Bady and Kids
1457,"Sports, Books and More"
11391,Home and Furniture
4485,Men's wear
9740,Bady and Kids
6013,Women's wear
2728,Electronics
10723,Home and Furniture
8464,Bady and Kids
3648,Men's wear
10819,Home and Furniture
874,"Sports, Books and More"
2267,Electronics
3521,Men's wear
10122,Home and Furniture
5594,Women's wear
1601,"Sports, Books and More"
11716,Home and Furniture
11176,Home and Furniture
6066,Women's wear
3262,Men's wear
8196,Bady and Kids
7273,Women's wear
3511,Men's wear
3725,Men's wear
8357,Bady and Kids
2853,Men's wear
1337,"Sports, Books and More"
7987,Bady and Kids
5977,Women's wear
9369,Bady and Kids
3122,Men's wear
9719,Bady and Kids
4103,Men's wear
2714,Electronics
7489,Men's wear
7682,Bady and Kids
1790,Electronics
5308,Women's wear
2817,Men's wear
8153,Bady and Kids
3284,Men's wear
5405,Women's wear
259,"Sports, Books and More"
7503,Men's wear
1198,"Sports, Books and More"
9730,Bady and Kids
8331,Bady and Kids
11229,Home and Furniture
6169,Women's wear
11658,Home and Furniture
4861,Men's wear
6585,Women's wear
9088,Bady and Kids
4192,Men's wear
2763,Electronics
2760,Electronics
10148,Home and Furniture
6402,Women's wear
5086,Men's wear
390,"Sports, Books and More"
10096,Home and Furniture
9169,Bady and Kids
1063,"Sports, Books and More"
1508,"Sports, Books and More"
11303,Home and Furniture
6994,Women's wear
8884,Bady and Kids
6759,Women's wear
11288,Home and Furniture
1326,"Sports, Books and More"
10738,Home and Furniture
7047,Women's wear
6672,Women's wear
9084,Bady and Kids
2784,Electronics
11691,Home and Furniture
9492,Bady and Kids
3149,Men's wear
1355,Electronics
1900,Electronics
5671,Women's wear
6071,Women's wear
1741,"Sports, Books and More"
4627,Men's wear
3867,Men's wear
5457,Women's wear
3666,Men's wear
10444,Home and Furniture
11494,Home and Furniture
2546,Electronics
576,"Sports, Books and More"
6618,Women's wear
5174,Women's wear
4287,Men's wear
5194,Women's wear
5966,Women's wear
2831,Men's wear
11149,Home and Furniture
1976,Electronics
8467,Bady and Kids
1650,Men's wear
9870,Bady and Kids
11462,Home and Furniture
8211,Bady and Kids
1571,"Sports, Books and More"
6410,Women's wear
8844,Bady and Kids
10250,Home and Furniture
8890,Bady and Kids
10920,Home and Furniture
1053,"Sports, Books and More"
11795,Home and Furniture
4879,Men's wear
8556,Bady and Kids
5150,Men's wear
8057,Bady and Kids
658,"Sports, Books and More"
3133,Men's wear
3026,Men's wear
8797,Bady and Kids
5710,Women's wear
3553,Men's wear
4158,Men's wear
9980,Home and Furniture
2666,Electronics
2725,Electronics
9227,Bady and Kids
5944,Women's wear
11636,Home and Furniture
10216,"Sports, Books and More"
6232,Women's wear
255,"Sports, Books and More"
10683,Home and Furniture
5230,Women's wear
10740,Home and Furniture
9622,Bady and Kids
9677,Bady and Kids
6947,Women's wear
2352,Electronics
9490,Bady and Kids
384,"Sports, Books and More"
5467,Women's wear
998,"Sports, Books and More"
2305,Electronics
9611,Bady and Kids
7046,Women's wear
9341,Bady and Kids
6883,Women's wear
6807,Women's wear
7053,Women's wear
2429,Electronics
1253,"Sports, Books and More"
11123,Home and Furniture
3400,Men's wear
461,"Sports, Books and More"
1389,"Sports, Books and More"
988,"Sports, Books and More"
5126,Men's wear
7557,Women's wear
10993,Home and Furniture
243,"Sports, Books and More"
2713,Electronics
1350,"Sports, Books and More"
1108,"Sports, Books and More"
2287,Electronics
1309,"Sports, Books and More"
6634,Women's wear
3328,"Sports, Books and More"
8951,Bady and Kids
10658,Home and Furniture
4841,Men's wear
9280,Home and Furniture
6196,Women's wear
6143,Women's wear
7830,Bady and Kids
2599,Electronics
4686,Men's wear
1522,"Sports, Books and More"
4659,Men's wear
8039,Bady and Kids
9069,Bady and Kids
3733,Men's wear
3642,Men's wear
1321,"Sports, Books and More"
6450,Women's wear
3100,Men's wear
2449,Men's wear
7491,Men's wear
547,"Sports, Books and More"
4990,Men's wear
114,"Sports, Books and More"
2240,Electronics
11892,Home and Furniture
4032,Men's wear
238,"Sports, Books and More"
3688,Men's wear
159,"Sports, Books and More"
2614,Electronics
8738,Bady and Kids
4006,Men's wear
1757,"Sports, Books and More"
2465,Electronics
8486,Bady and Kids
4301,Men's wear
4711,Men's wear
7036,Women's wear
11033,Home and Furniture
11433,Home and Furniture
5653,Women's wear
6978,Women's wear
404,"Sports, Books and More"
10328,Home and Furniture
11953,Home and Furniture
7262,Women's wear
11772,Home and Furniture
6468,Women's wear
1222,"Sports, Books and More"
3002,Men's wear
921,"Sports, Books and More"
11410,Home and Furniture
1569,"Sports, Books and More"
11693,Home and Furniture
7516,Men's wear
4978,Men's wear
8036,Bady and Kids
11601,Home and Furniture
9716,Bady and Kids
7132,Men's wear
10392,Home and Furniture
7354,Women's wear
1876,Electronics
9698,Bady and Kids
8736,Bady and Kids
5097,Men's wear
1770,"Sports, Books and More"
3291,Men's wear
5237,Women's wear
1718,"Sports, Books and More"
8802,Bady and Kids
130,"Sports, Books and More"
3236,Men's wear
2047,Electronics
1417,"Sports, Books and More"
5543,Women's wear
10647,Home and Furniture
8143,Bady and Kids
58,"Sports, Books and More"
11047,Home and Furniture
2654,Electronics
5682,Women's wear
1623,"Sports, Books and More"
11210,Home and Furniture
605,"Sports, Books and More"
4081,Men's wear
10794,Home and Furniture
11609,Home and Furniture
3888,Men's wear
2809,Men's wear
11826,Home and Furniture
6171,Women's wear
1744,Electronics
6316,Women's wear
7605,Bady and Kids
9759,Bady and Kids
676,"Sports, Books and More"
4162,Men's wear
2330,Electronics
6590,Women's wear
540,"Sports, Books and More"
3851,Men's wear
3727,Men's wear
7547,Women's wear
6877,Women's wear
9062,Bady and Kids
11492,Home and Furniture
2104,"Sports, Books and More"
11887,Home and Furniture
3850,Men's wear
9856,Bady and Kids
10242,Home and Furniture
3454,Men's wear
204,"Sports, Books and More"
